ドメイン,トラフィック,価値,キーワード,ページ,ahrefs上位ページ取得URL
www.smauto.co.jp,19491.0,"$4,754",12589,461,https://app.ahrefs.com/positions-explorer/top-subfolders/subdomains/all/all/all/all/all/all/all/all/1/traffic_desc?target=www.smauto.co.jp%2F
www.orix.co.jp,350985.0,"$1,460,765",30410,3154,https://app.ahrefs.com/positions-explorer/top-subfolders/subdomains/all/all/all/all/all/all/all/all/1/traffic_desc?target=www.orix.co.jp
www.ncsol.co.jp,3253.0,"$4,876",1467,189,https://app.ahrefs.com/positions-explorer/top-subfolders/subdomains/all/all/all/all/all/all/all/all/1/traffic_desc?target=www.ncsol.co.jp
t-mobility-s.co.jp,16069.0,"$14,646",2023,88,https://app.ahrefs.com/positions-explorer/top-subfolders/subdomains/all/all/all/all/all/all/all/all/1/traffic_desc?target=t-mobility-s.co.jp
www.mitsubishi-autolease.com,1506.0,$851,1887,161,https://app.ahrefs.com/positions-explorer/top-subfolders/subdomains/all/all/all/all/all/all/all/all/1/traffic_desc?target=www.mitsubishi-autolease.com
www.fuyoauto.co.jp,366.0,$320,476,38,https://app.ahrefs.com/positions-explorer/top-subfolders/subdomains/all/all/all/all/all/all/all/all/1/traffic_desc?target=www.fuyoauto.co.jp
kinto-jp.com,408758.0,"$77,432",59799,619,https://app.ahrefs.com/positions-explorer/top-subfolders/subdomains/all/all/all/all/all/all/all/all/1/traffic_desc?target=kinto-jp.com
www.kimura-unity.co.jp,7721.0,"$4,768",890,111,https://app.ahrefs.com/positions-explorer/top-subfolders/subdomains/all/all/all/all/all/all/all/all/1/traffic_desc?target=www.kimura-unity.co.jp
smartdrive.co.jp,70619.0,"$23,674",28281,675,https://app.ahrefs.com/positions-explorer/top-subfolders/subdomains/all/all/all/all/all/all/all/all/1/traffic_desc?target=smartdrive.co.jp
www.sompo-japan.co.jp,542945.0,"$441,264",79576,3322,https://app.ahrefs.com/positions-explorer/top-subfolders/subdomains/all/all/all/all/all/all/all/all/1/traffic_desc?target=www.sompo-japan.co.jp
www.tokiomarine-nichido.co.jp,521463.0,"$297,543",98800,2616,https://app.ahrefs.com/positions-explorer/top-subfolders/subdomains/all/all/all/all/all/all/all/all/1/traffic_desc?target=www.tokiomarine-nichido.co.jp
www.ad-sasaerunavi.com,6.0,$30,51,2,https://app.ahrefs.com/positions-explorer/top-subfolders/subdomains/all/all/all/all/all/all/all/all/1/traffic_desc?target=www.ad-sasaerunavi.com
www.ms-ins.com,462648.0,"$324,730",107980,2957,https://app.ahrefs.com/positions-explorer/top-subfolders/subdomains/all/all/all/all/all/all/all/all/1/traffic_desc?target=www.ms-ins.com
www.ntt.com,967256.0,"$1,108,936",197322,9546,https://app.ahrefs.com/positions-explorer/top-subfolders/subdomains/all/all/all/all/all/all/all/all/1/traffic_desc?target=www.ntt.com
kurumappli.jp,3.4,$2,74,7,https://app.ahrefs.com/positions-explorer/top-subfolders/subdomains/all/all/all/all/all/all/all/all/1/traffic_desc?target=kurumappli.jp
www.cariot.jp,6155.0,"$3,090",5968,305,https://app.ahrefs.com/positions-explorer/top-subfolders/subdomains/all/all/all/all/all/all/all/all/1/traffic_desc?target=www.cariot.jp
bizmall.ntt.com,1288.0,$587,993,187,https://app.ahrefs.com/positions-explorer/top-subfolders/subdomains/all/all/all/all/all/all/all/all/1/traffic_desc?target=bizmall.ntt.com
www.car.panasonic.co.jp,11.0,$1,49,16,https://app.ahrefs.com/positions-explorer/top-subfolders/subdomains/all/all/all/all/all/all/all/all/1/traffic_desc?target=www.car.panasonic.co.jp
fleet.navitime.co.jp,192.0,$169,370,35,https://app.ahrefs.com/positions-explorer/top-subfolders/subdomains/all/all/all/all/all/all/all/all/1/traffic_desc?target=fleet.navitime.co.jp
www.ubiteq.co.jp,940.0,$189,585,123,https://app.ahrefs.com/positions-explorer/top-subfolders/subdomains/all/all/all/all/all/all/all/all/1/traffic_desc?target=www.ubiteq.co.jp
alc.aiotcloud.co.jp,15574.0,$449,1006,25,https://app.ahrefs.com/positions-explorer/top-subfolders/subdomains/all/all/all/all/all/all/all/all/1/traffic_desc?target=alc.aiotcloud.co.jp
www.rik.jp,137.0,$75,240,46,https://app.ahrefs.com/positions-explorer/top-subfolders/subdomains/all/all/all/all/all/all/all/all/1/traffic_desc?target=www.rik.jp
carmo-kun.jp,242552.0,"$173,182",35108,1362,https://app.ahrefs.com/positions-explorer/top-subfolders/subdomains/all/all/all/all/all/all/all/all/1/traffic_desc?target=carmo-kun.jp
cybozushiki.cybozu.co.jp,19732.0,"$3,968",18186,1178,https://app.ahrefs.com/positions-explorer/top-subfolders/subdomains/all/all/all/all/all/all/all/all/1/traffic_desc?target=cybozushiki.cybozu.co.jp
www.sociac.jp,33061.0,"$6,290",3696,77,https://app.ahrefs.com/positions-explorer/top-subfolders/subdomains/all/all/all/all/all/all/all/all/1/traffic_desc?target=www.sociac.jp
response.jp,2534134.0,"$782,574",898087,171663,https://app.ahrefs.com/positions-explorer/top-subfolders/subdomains/all/all/all/all/all/all/all/all/1/traffic_desc?target=response.jp
www.global-mobility-service.com,6278.0,$314,905,57,https://app.ahrefs.com/positions-explorer/top-subfolders/subdomains/all/all/all/all/all/all/all/all/1/traffic_desc?target=www.global-mobility-service.com
ypdr.jp,1094.0,$625,674,193,https://app.ahrefs.com/positions-explorer/top-subfolders/subdomains/all/all/all/all/all/all/all/all/1/traffic_desc?target=ypdr.jp
motor-fan.jp,2209572.0,"$651,749",394581,50467,https://app.ahrefs.com/positions-explorer/top-subfolders/subdomains/all/all/all/all/all/all/all/all/1/traffic_desc?target=motor-fan.jp
autoc-one.jp,3587020.0,"$1,080,645",707402,128906,https://app.ahrefs.com/positions-explorer/top-subfolders/subdomains/all/all/all/all/all/all/all/all/1/traffic_desc?target=autoc-one.jp
bestcarweb.jp,1756758.0,"$350,261",372018,25707,https://app.ahrefs.com/positions-explorer/top-subfolders/subdomains/all/all/all/all/all/all/all/all/1/traffic_desc?target=bestcarweb.jp
otooku.com,9201.0,"$1,764",11501,5531,https://app.ahrefs.com/positions-explorer/top-subfolders/subdomains/all/all/all/all/all/all/all/all/1/traffic_desc?target=otooku.com
usaginetwork.com,14556.0,"$2,553",5715,114,https://app.ahrefs.com/positions-explorer/top-subfolders/subdomains/all/all/all/all/all/all/all/all/1/traffic_desc?target=usaginetwork.com
car-mo.jp,1622114.0,"$798,187",284160,4020,https://app.ahrefs.com/positions-explorer/top-subfolders/subdomains/all/all/all/all/all/all/all/all/1/traffic_desc?target=car-mo.jp
kunisawa.net,89051.0,"$36,756",25604,2794,https://app.ahrefs.com/positions-explorer/top-subfolders/subdomains/all/all/all/all/all/all/all/all/1/traffic_desc?target=kunisawa.net
www.kamitake.net,770905.0,"$216,593",111017,800,https://app.ahrefs.com/positions-explorer/top-subfolders/subdomains/all/all/all/all/all/all/all/all/1/traffic_desc?target=www.kamitake.net
kei-model.com,6942.0,$751,4926,194,https://app.ahrefs.com/positions-explorer/top-subfolders/subdomains/all/all/all/all/all/all/all/all/1/traffic_desc?target=kei-model.com
www.carlease-online.jp,104669.0,"$49,493",24817,870,https://app.ahrefs.com/positions-explorer/top-subfolders/subdomains/all/all/all/all/all/all/all/all/1/traffic_desc?target=www.carlease-online.jp
smartdrive-fleet.jp,6548.0,"$1,333",5102,349,https://app.ahrefs.com/positions-explorer/top-subfolders/subdomains/all/all/all/all/all/all/all/all/1/traffic_desc?target=smartdrive-fleet.jp
www.jreast-app.jp,4808.0,"$1,079",3357,8,https://app.ahrefs.com/positions-explorer/top-subfolders/subdomains/all/all/all/all/all/all/all/all/1/traffic_desc?target=www.jreast-app.jp
www.maasjapan.net,0.06,$1,16,7,https://app.ahrefs.com/positions-explorer/top-subfolders/subdomains/all/all/all/all/all/all/all/all/1/traffic_desc?target=www.maasjapan.net
kintone.cybozu.co.jp,38339.0,"$52,655",6050,328,https://app.ahrefs.com/positions-explorer/top-subfolders/subdomains/all/all/all/all/all/all/all/all/1/traffic_desc?target=kintone.cybozu.co.jp
car.motor-fan.jp,2209603.0,"$651,749",394589,50472,https://app.ahrefs.com/positions-explorer/top-subfolders/subdomains/all/all/all/all/all/all/all/all/1/traffic_desc?target=car.motor-fan.jp
ev2.nissan.co.jp,77610.0,"$27,425",6409,437,https://app.ahrefs.com/positions-explorer/top-subfolders/subdomains/all/all/all/all/all/all/all/all/1/traffic_desc?target=ev2.nissan.co.jp
www.cev-pc.or.jp,89504.0,"$16,523",13100,1881,https://app.ahrefs.com/positions-explorer/top-subfolders/subdomains/all/all/all/all/all/all/all/all/1/traffic_desc?target=www.cev-pc.or.jp
www.zurich.co.jp,3064631.0,"$1,128,448",271153,2615,https://app.ahrefs.com/positions-explorer/top-subfolders/subdomains/all/all/all/all/all/all/all/all/1/traffic_desc?target=www.zurich.co.jp
www.e-comtec.co.jp,169230.0,"$25,209",23159,1123,https://app.ahrefs.com/positions-explorer/top-subfolders/subdomains/all/all/all/all/all/all/all/all/1/traffic_desc?target=www.e-comtec.co.jp
www.yupiteru.co.jp,214654.0,"$36,646",28255,2275,https://app.ahrefs.com/positions-explorer/top-subfolders/subdomains/all/all/all/all/all/all/all/all/1/traffic_desc?target=www.yupiteru.co.jp
share.timescar.jp,1186787.0,"$334,788",89542,7382,https://app.ahrefs.com/positions-explorer/top-subfolders/subdomains/all/all/all/all/all/all/all/all/1/traffic_desc?target=share.timescar.jp
car-days.fun,263263.0,"$111,900",65291,1730,https://app.ahrefs.com/positions-explorer/top-subfolders/subdomains/all/all/all/all/all/all/all/all/1/traffic_desc?target=car-days.fun
www.orix-carshare.com,33627.0,"$20,823",5030,154,https://app.ahrefs.com/positions-explorer/top-subfolders/subdomains/all/all/all/all/all/all/all/all/1/traffic_desc?target=www.orix-carshare.com
www.careco.jp,57871.0,"$26,137",23688,2999,https://app.ahrefs.com/positions-explorer/top-subfolders/subdomains/all/all/all/all/all/all/all/all/1/traffic_desc?target=www.careco.jp
dcarshare.docomo.ne.jp,42117.0,"$12,679",7959,1504,https://app.ahrefs.com/positions-explorer/top-subfolders/subdomains/all/all/all/all/all/all/all/all/1/traffic_desc?target=dcarshare.docomo.ne.jp
www.joyobank.co.jp,570694.0,"$524,067",143811,2889,https://app.ahrefs.com/positions-explorer/top-subfolders/subdomains/all/all/all/all/all/all/all/all/1/traffic_desc?target=www.joyobank.co.jp
mobility.toyota.jp,20750.0,"$17,372",3505,120,https://app.ahrefs.com/positions-explorer/top-subfolders/subdomains/all/all/all/all/all/all/all/all/1/traffic_desc?target=mobility.toyota.jp
www.moto-auc.com,179092.0,"$137,440",60606,5557,https://app.ahrefs.com/positions-explorer/top-subfolders/subdomains/all/all/all/all/all/all/all/all/1/traffic_desc?target=www.moto-auc.com
anyca.net,38408.0,"$36,654",12592,2509,https://app.ahrefs.com/positions-explorer/top-subfolders/subdomains/all/all/all/all/all/all/all/all/1/traffic_desc?target=anyca.net
www.cosmo-mycar.com,93606.0,"$40,148",23566,430,https://app.ahrefs.com/positions-explorer/top-subfolders/subdomains/all/all/all/all/all/all/all/all/1/traffic_desc?target=www.cosmo-mycar.com
www.niconori.jp,73948.0,"$34,564",25078,698,https://app.ahrefs.com/positions-explorer/top-subfolders/subdomains/all/all/all/all/all/all/all/all/1/traffic_desc?target=www.niconori.jp
eneos-cl.com,46279.0,"$19,061",4459,78,https://app.ahrefs.com/positions-explorer/top-subfolders/subdomains/all/all/all/all/all/all/all/all/1/traffic_desc?target=eneos-cl.com
morokomi.carcon.co.jp,61724.0,"$21,076",23639,1853,https://app.ahrefs.com/positions-explorer/top-subfolders/subdomains/all/all/all/all/all/all/all/all/1/traffic_desc?target=morokomi.carcon.co.jp
pochi-mo.com,7229.0,"$4,255",1414,17,https://app.ahrefs.com/positions-explorer/top-subfolders/subdomains/all/all/all/all/all/all/all/all/1/traffic_desc?target=pochi-mo.com
2525direct.jp,35655.0,"$16,475",7803,600,https://app.ahrefs.com/positions-explorer/top-subfolders/subdomains/all/all/all/all/all/all/all/all/1/traffic_desc?target=2525direct.jp
carlease.goo-net.com,10464.0,"$6,893",2360,330,https://app.ahrefs.com/positions-explorer/top-subfolders/subdomains/all/all/all/all/all/all/all/all/1/traffic_desc?target=carlease.goo-net.com
sdgs.media,55554.0,"$3,768",11183,229,https://app.ahrefs.com/positions-explorer/top-subfolders/subdomains/all/all/all/all/all/all/all/all/1/traffic_desc?target=sdgs.media
sdgs.edutown.jp,134536.0,"$3,318",12387,90,https://app.ahrefs.com/positions-explorer/top-subfolders/subdomains/all/all/all/all/all/all/all/all/1/traffic_desc?target=sdgs.edutown.jp
miraimedia.asahi.com,77231.0,"$22,966",8797,403,https://app.ahrefs.com/positions-explorer/top-subfolders/subdomains/all/all/all/all/all/all/all/all/1/traffic_desc?target=miraimedia.asahi.com
sdgs.kodansha.co.jp,23901.0,"$4,454",6302,234,https://app.ahrefs.com/positions-explorer/top-subfolders/subdomains/all/all/all/all/all/all/all/all/1/traffic_desc?target=sdgs.kodansha.co.jp
www.sonysonpo.co.jp,1063993.0,"$652,401",88624,952,https://app.ahrefs.com/positions-explorer/top-subfolders/subdomains/all/all/all/all/all/all/all/all/1/traffic_desc?target=www.sonysonpo.co.jp
www.axa-direct.co.jp,1080250.0,"$330,462",138964,1901,https://app.ahrefs.com/positions-explorer/top-subfolders/subdomains/all/all/all/all/all/all/all/all/1/traffic_desc?target=www.axa-direct.co.jp
www.sbisonpo.co.jp,272751.0,"$237,044",59950,882,https://app.ahrefs.com/positions-explorer/top-subfolders/subdomains/all/all/all/all/all/all/all/all/1/traffic_desc?target=www.sbisonpo.co.jp
www.mitsui-direct.co.jp,550816.0,"$251,585",55780,942,https://app.ahrefs.com/positions-explorer/top-subfolders/subdomains/all/all/all/all/all/all/all/all/1/traffic_desc?target=www.mitsui-direct.co.jp
www.aioinissaydowa.co.jp,179213.0,"$110,847",40042,1223,https://app.ahrefs.com/positions-explorer/top-subfolders/subdomains/all/all/all/all/all/all/all/all/1/traffic_desc?target=www.aioinissaydowa.co.jp
mobility-service.pioneer.jp,32059.0,"$4,190",4374,176,https://app.ahrefs.com/positions-explorer/top-subfolders/subdomains/all/all/all/all/all/all/all/all/1/traffic_desc?target=mobility-service.pioneer.jp
lpfo.tokai-denshi.co.jp,4597.0,$423,662,158,https://app.ahrefs.com/positions-explorer/top-subfolders/subdomains/all/all/all/all/all/all/all/all/1/traffic_desc?target=lpfo.tokai-denshi.co.jp
www.persol-group.co.jp,289418.0,"$103,807",23202,1373,https://app.ahrefs.com/positions-explorer/top-subfolders/subdomains/all/all/all/all/all/all/all/all/1/traffic_desc?target=www.persol-group.co.jp
keiyaku-watch.jp,283947.0,"$127,827",37456,601,https://app.ahrefs.com/positions-explorer/top-subfolders/subdomains/all/all/all/all/all/all/all/all/1/traffic_desc?target=keiyaku-watch.jp
survey.lafool.jp,87897.0,"$31,226",25008,579,https://app.ahrefs.com/positions-explorer/top-subfolders/subdomains/all/all/all/all/all/all/all/all/1/traffic_desc?target=survey.lafool.jp
www.riskmng.co.jp,556.0,$122,375,105,https://app.ahrefs.com/positions-explorer/top-subfolders/subdomains/all/all/all/all/all/all/all/all/1/traffic_desc?target=www.riskmng.co.jp
www.noc-net.co.jp,74315.0,"$55,704",42470,672,https://app.ahrefs.com/positions-explorer/top-subfolders/subdomains/all/all/all/all/all/all/all/all/1/traffic_desc?target=www.noc-net.co.jp
jinjibu.jp,570774.0,"$173,686",266207,27111,https://app.ahrefs.com/positions-explorer/top-subfolders/subdomains/all/all/all/all/all/all/all/all/1/traffic_desc?target=jinjibu.jp
jidounten-lab.com,73237.0,"$32,747",25009,4110,https://app.ahrefs.com/positions-explorer/top-subfolders/subdomains/all/all/all/all/all/all/all/all/1/traffic_desc?target=jidounten-lab.com
global.toyota,855997.0,"$514,547",264963,11743,https://app.ahrefs.com/positions-explorer/top-subfolders/subdomains/all/all/all/all/all/all/all/all/1/traffic_desc?target=global.toyota
answers.khi.co.jp,4109.0,"$1,692",1947,180,https://app.ahrefs.com/positions-explorer/top-subfolders/subdomains/all/all/all/all/all/all/all/all/1/traffic_desc?target=answers.khi.co.jp
e-words.jp,2277770.0,"$920,719",171442,7401,https://app.ahrefs.com/positions-explorer/top-subfolders/subdomains/all/all/all/all/all/all/all/all/1/traffic_desc?target=e-words.jp
www.kurume-it.ac.jp,75433.0,"$56,675",25243,948,https://app.ahrefs.com/positions-explorer/top-subfolders/subdomains/all/all/all/all/all/all/all/all/1/traffic_desc?target=www.kurume-it.ac.jp
www.fundex.co.jp,71813.0,"$108,763",16346,473,https://app.ahrefs.com/positions-explorer/top-subfolders/subdomains/all/all/all/all/all/all/all/all/1/traffic_desc?target=www.fundex.co.jp
www.zenrin-datacom.net,28530.0,"$17,287",11198,799,https://app.ahrefs.com/positions-explorer/top-subfolders/subdomains/all/all/all/all/all/all/all/all/1/traffic_desc?target=www.zenrin-datacom.net
blog.kitaro-sdp.com,1742.0,"$3,422",242,23,https://app.ahrefs.com/positions-explorer/top-subfolders/subdomains/all/all/all/all/all/all/all/all/1/traffic_desc?target=blog.kitaro-sdp.com
www.insweb.co.jp,289709.0,"$308,637",67011,682,https://app.ahrefs.com/positions-explorer/top-subfolders/subdomains/all/all/all/all/all/all/all/all/1/traffic_desc?target=www.insweb.co.jp
www.orixcar.jp,40675.0,"$27,558",18069,1355,https://app.ahrefs.com/positions-explorer/top-subfolders/subdomains/all/all/all/all/all/all/all/all/1/traffic_desc?target=www.orixcar.jp
www.toyota-mobi-tokyo.co.jp,182633.0,"$34,497",39519,3590,https://app.ahrefs.com/positions-explorer/top-subfolders/subdomains/all/all/all/all/all/all/all/all/1/traffic_desc?target=www.toyota-mobi-tokyo.co.jp
www.nextage.jp,3006435.0,"$1,213,011",429386,51147,https://app.ahrefs.com/positions-explorer/top-subfolders/subdomains/all/all/all/all/all/all/all/all/1/traffic_desc?target=www.nextage.jp
www.webcartop.jp,741218.0,"$161,146",329069,39066,https://app.ahrefs.com/positions-explorer/top-subfolders/subdomains/all/all/all/all/all/all/all/all/1/traffic_desc?target=www.webcartop.jp
www.ctn-net.jp,8759.0,"$3,977",5515,181,https://app.ahrefs.com/positions-explorer/top-subfolders/subdomains/all/all/all/all/all/all/all/all/1/traffic_desc?target=www.ctn-net.jp
renntacar.net,40342.0,"$16,044",10913,151,https://app.ahrefs.com/positions-explorer/top-subfolders/subdomains/all/all/all/all/all/all/all/all/1/traffic_desc?target=renntacar.net
www.ekuruma.co.jp,24296.0,"$5,945",8335,466,https://app.ahrefs.com/positions-explorer/top-subfolders/subdomains/all/all/all/all/all/all/all/all/1/traffic_desc?target=www.ekuruma.co.jp
enabattery.co.jp,4961.0,$337,1365,50,https://app.ahrefs.com/positions-explorer/top-subfolders/subdomains/all/all/all/all/all/all/all/all/1/traffic_desc?target=enabattery.co.jp
www.aigan.co.jp,280287.0,"$86,609",45492,1072,https://app.ahrefs.com/positions-explorer/top-subfolders/subdomains/all/all/all/all/all/all/all/all/1/traffic_desc?target=www.aigan.co.jp
mobilitas.jp,4202.0,"$3,617",2875,152,https://app.ahrefs.com/positions-explorer/top-subfolders/subdomains/all/all/all/all/all/all/all/all/1/traffic_desc?target=mobilitas.jp
www.honda.co.jp,7998749.0,"$3,179,975",531588,36255,https://app.ahrefs.com/positions-explorer/top-subfolders/subdomains/all/all/all/all/all/all/all/all/1/traffic_desc?target=www.honda.co.jp
www.mitsubishi-hc-capital.com,25827.0,"$11,488",11061,931,https://app.ahrefs.com/positions-explorer/top-subfolders/subdomains/all/all/all/all/all/all/all/all/1/traffic_desc?target=www.mitsubishi-hc-capital.com
www.smfl.co.jp,34853.0,"$22,987",8575,517,https://app.ahrefs.com/positions-explorer/top-subfolders/subdomains/all/all/all/all/all/all/all/all/1/traffic_desc?target=www.smfl.co.jp
www.toshiba-lease.co.jp,3860.0,"$1,781",1814,166,https://app.ahrefs.com/positions-explorer/top-subfolders/subdomains/all/all/all/all/all/all/all/all/1/traffic_desc?target=www.toshiba-lease.co.jp
www.leasing.or.jp,7189.0,"$2,926",3662,319,https://app.ahrefs.com/positions-explorer/top-subfolders/subdomains/all/all/all/all/all/all/all/all/1/traffic_desc?target=www.leasing.or.jp
www.fgl.co.jp,12917.0,"$2,171",2784,322,https://app.ahrefs.com/positions-explorer/top-subfolders/subdomains/all/all/all/all/all/all/all/all/1/traffic_desc?target=www.fgl.co.jp
hoken-room.jp,868785.0,"$248,771",261809,6262,https://app.ahrefs.com/positions-explorer/top-subfolders/subdomains/all/all/all/all/all/all/all/all/1/traffic_desc?target=hoken-room.jp
hoken-kyokasho.com,80284.0,"$60,736",55523,827,https://app.ahrefs.com/positions-explorer/top-subfolders/subdomains/all/all/all/all/all/all/all/all/1/traffic_desc?target=hoken-kyokasho.com
www.ifinance.ne.jp,114022.0,"$26,112",44037,6218,https://app.ahrefs.com/positions-explorer/top-subfolders/subdomains/all/all/all/all/all/all/all/all/1/traffic_desc?target=www.ifinance.ne.jp
www.jamitsuilease-auto.co.jp,207.0,$107,323,34,https://app.ahrefs.com/positions-explorer/top-subfolders/subdomains/all/all/all/all/all/all/all/all/1/traffic_desc?target=www.jamitsuilease-auto.co.jp
www.r-lease.co.jp,9912.0,"$5,994",2475,436,https://app.ahrefs.com/positions-explorer/top-subfolders/subdomains/all/all/all/all/all/all/all/all/1/traffic_desc?target=www.r-lease.co.jp
www.libcon.co.jp,35985.0,"$17,198",8552,1050,https://app.ahrefs.com/positions-explorer/top-subfolders/subdomains/all/all/all/all/all/all/all/all/1/traffic_desc?target=www.libcon.co.jp
www.ines-solutions.com,4843.0,"$4,525",3655,245,https://app.ahrefs.com/positions-explorer/top-subfolders/subdomains/all/all/all/all/all/all/all/all/1/traffic_desc?target=www.ines-solutions.com
www.jt-tsushin.jp,25355.0,"$4,679",17450,2226,https://app.ahrefs.com/positions-explorer/top-subfolders/subdomains/all/all/all/all/all/all/all/all/1/traffic_desc?target=www.jt-tsushin.jp
https://dxhakusho.com/,823.0,$9,504,120,https://app.ahrefs.com/positions-explorer/top-subfolders/subdomains/all/all/all/all/all/all/all/all/1/traffic_desc?target=dxhakusho.com%2F
https://www.atled.jp/,77241.0,"$60,847",18587,1052,https://app.ahrefs.com/positions-explorer/top-subfolders/subdomains/all/all/all/all/all/all/all/all/1/traffic_desc?target=www.atled.jp%2F
https://bonx.co.jp/,10440.0,"$5,720",2431,230,https://app.ahrefs.com/positions-explorer/top-subfolders/subdomains/all/all/all/all/all/all/all/all/1/traffic_desc?target=bonx.co.jp%2F
https://www.hitachi.co.jp/,396030.0,"$290,977",118885,20570,https://app.ahrefs.com/positions-explorer/top-subfolders/subdomains/all/all/all/all/all/all/all/all/1/traffic_desc?target=www.hitachi.co.jp%2F
https://rpa-technologies.com/,14057.0,"$7,687",4319,402,https://app.ahrefs.com/positions-explorer/top-subfolders/subdomains/all/all/all/all/all/all/all/all/1/traffic_desc?target=rpa-technologies.com%2F
https://www.kubota.co.jp/,230694.0,"$39,234",40998,2723,https://app.ahrefs.com/positions-explorer/top-subfolders/subdomains/all/all/all/all/all/all/all/all/1/traffic_desc?target=www.kubota.co.jp%2F
https://www.kankyo-kanri.co.jp/,640.0,$196,891,136,https://app.ahrefs.com/positions-explorer/top-subfolders/subdomains/all/all/all/all/all/all/all/all/1/traffic_desc?target=www.kankyo-kanri.co.jp%2F
https://elaws.e-gov.go.jp/,1200076.0,"$567,045",245725,14540,https://app.ahrefs.com/positions-explorer/top-subfolders/subdomains/all/all/all/all/all/all/all/all/1/traffic_desc?target=elaws.e-gov.go.jp%2F
https://www.hrpro.co.jp/,528514.0,"$319,785",105214,11411,https://app.ahrefs.com/positions-explorer/top-subfolders/subdomains/all/all/all/all/all/all/all/all/1/traffic_desc?target=www.hrpro.co.jp%2F
https://www.sn-hoki.co.jp/,80309.0,"$10,181",61507,10535,https://app.ahrefs.com/positions-explorer/top-subfolders/subdomains/all/all/all/all/all/all/all/all/1/traffic_desc?target=www.sn-hoki.co.jp%2F
https://www.tiger-inc.co.jp/,3422.0,$908,3221,172,https://app.ahrefs.com/positions-explorer/top-subfolders/subdomains/all/all/all/all/all/all/all/all/1/traffic_desc?target=www.tiger-inc.co.jp%2F
https://biz.moneyforward.com/,4783558.0,"$1,920,484",508950,9264,https://app.ahrefs.com/positions-explorer/top-subfolders/subdomains/all/all/all/all/all/all/all/all/1/traffic_desc?target=biz.moneyforward.com%2F
https://www.kaunet.com/,605147.0,"$270,072",222222,68157,https://app.ahrefs.com/positions-explorer/top-subfolders/subdomains/all/all/all/all/all/all/all/all/1/traffic_desc?target=www.kaunet.com%2F
https://www.oal-net.co.jp/,3487.0,"$4,290",1628,56,https://app.ahrefs.com/positions-explorer/top-subfolders/subdomains/all/all/all/all/all/all/all/all/1/traffic_desc?target=www.oal-net.co.jp%2F
http://www.chuden-al.co.jp/,101.0,$92,523,41,https://app.ahrefs.com/positions-explorer/top-subfolders/subdomains/all/all/all/all/all/all/all/all/1/traffic_desc?target=www.chuden-al.co.jp%2F
https://www.ichinen.co.jp/,1025.0,$197,388,39,https://app.ahrefs.com/positions-explorer/top-subfolders/subdomains/all/all/all/all/all/all/all/all/1/traffic_desc?target=www.ichinen.co.jp%2F
https://gurilabo.igrid.co.jp/,117341.0,"$30,179",10283,181,https://app.ahrefs.com/positions-explorer/top-subfolders/subdomains/all/all/all/all/all/all/all/all/1/traffic_desc?target=gurilabo.igrid.co.jp%2F
https://www.bridge-salon.jp/,1959553.0,"$881,826",249399,4508,https://app.ahrefs.com/positions-explorer/top-subfolders/subdomains/all/all/all/all/all/all/all/all/1/traffic_desc?target=www.bridge-salon.jp%2F
https://sdgs-connect.com/,51565.0,"$1,314",9958,350,https://app.ahrefs.com/positions-explorer/top-subfolders/subdomains/all/all/all/all/all/all/all/all/1/traffic_desc?target=sdgs-connect.com%2F
http://www.motown21.com/,1656.0,$164,3206,308,https://app.ahrefs.com/positions-explorer/top-subfolders/subdomains/all/all/all/all/all/all/all/all/1/traffic_desc?target=www.motown21.com%2F
https://xn--08j1job4l9cb7044c9gc5rng45d3myeuta.com/,8152.0,"$4,765",6740,749,https://app.ahrefs.com/positions-explorer/top-subfolders/subdomains/all/all/all/all/all/all/all/all/1/traffic_desc?target=xn--08j1job4l9cb7044c9gc5rng45d3myeuta.com%2F
https://012cloud.jp/,692954.0,"$428,656",194588,2485,https://app.ahrefs.com/positions-explorer/top-subfolders/subdomains/all/all/all/all/all/all/all/all/1/traffic_desc?target=012cloud.jp%2F
https://dr.biprogy.com/,517.0,$462,394,34,https://app.ahrefs.com/positions-explorer/top-subfolders/subdomains/all/all/all/all/all/all/all/all/1/traffic_desc?target=dr.biprogy.com%2F
https://www.aspicjapan.org/,340276.0,"$584,040",73516,1805,https://app.ahrefs.com/positions-explorer/top-subfolders/subdomains/all/all/all/all/all/all/all/all/1/traffic_desc?target=www.aspicjapan.org%2F
https://www.kouri-sdas.com/,2442.0,"$1,086",1515,78,https://app.ahrefs.com/positions-explorer/top-subfolders/subdomains/all/all/all/all/all/all/all/all/1/traffic_desc?target=www.kouri-sdas.com%2F
https://at-pocket.com/,2548.0,"$5,883",1661,91,https://app.ahrefs.com/positions-explorer/top-subfolders/subdomains/all/all/all/all/all/all/all/all/1/traffic_desc?target=at-pocket.com%2F
https://boxil.jp/,1234239.0,"$798,568",460221,8592,https://app.ahrefs.com/positions-explorer/top-subfolders/subdomains/all/all/all/all/all/all/all/all/1/traffic_desc?target=boxil.jp%2F
https://lorans.jp/,618.0,$53,300,70,https://app.ahrefs.com/positions-explorer/top-subfolders/subdomains/all/all/all/all/all/all/all/all/1/traffic_desc?target=lorans.jp%2F
https://www.forklift-depo.jp/,20063.0,"$3,827",1973,113,https://app.ahrefs.com/positions-explorer/top-subfolders/subdomains/all/all/all/all/all/all/all/all/1/traffic_desc?target=www.forklift-depo.jp%2F
https://www.3-s.jp/,207.0,$131,94,18,https://app.ahrefs.com/positions-explorer/top-subfolders/subdomains/all/all/all/all/all/all/all/all/1/traffic_desc?target=www.3-s.jp%2F
https://www.fuji-auto-ind.co.jp/,2706.0,"$1,126",700,87,https://app.ahrefs.com/positions-explorer/top-subfolders/subdomains/all/all/all/all/all/all/all/all/1/traffic_desc?target=www.fuji-auto-ind.co.jp%2F
https://www.toyota-lf-kinki.co.jp/,3457.0,"$2,335",1237,209,https://app.ahrefs.com/positions-explorer/top-subfolders/subdomains/all/all/all/all/all/all/all/all/1/traffic_desc?target=www.toyota-lf-kinki.co.jp%2F
http://www.toyota-lf.com/,22585.0,"$13,393",4002,530,https://app.ahrefs.com/positions-explorer/top-subfolders/subdomains/all/all/all/all/all/all/all/all/1/traffic_desc?target=www.toyota-lf.com%2F
http://www.keiyou.net/,472.0,$262,371,101,https://app.ahrefs.com/positions-explorer/top-subfolders/subdomains/all/all/all/all/all/all/all/all/1/traffic_desc?target=www.keiyou.net%2F
https://www.liftneeds.net/,2190.0,"$1,171",939,56,https://app.ahrefs.com/positions-explorer/top-subfolders/subdomains/all/all/all/all/all/all/all/all/1/traffic_desc?target=www.liftneeds.net%2F
https://p-c-s.co.jp/,14802.0,"$15,236",5324,874,https://app.ahrefs.com/positions-explorer/top-subfolders/subdomains/all/all/all/all/all/all/all/all/1/traffic_desc?target=p-c-s.co.jp%2F
https://kcsj.komatsu/,38018.0,"$14,869",5143,1026,https://app.ahrefs.com/positions-explorer/top-subfolders/subdomains/all/all/all/all/all/all/all/all/1/traffic_desc?target=kcsj.komatsu%2F
https://www.asahifork.com/,290.0,$165,232,39,https://app.ahrefs.com/positions-explorer/top-subfolders/subdomains/all/all/all/all/all/all/all/all/1/traffic_desc?target=www.asahifork.com%2F
https://www.keihi.com/,392893.0,"$110,982",72286,892,https://app.ahrefs.com/positions-explorer/top-subfolders/subdomains/all/all/all/all/all/all/all/all/1/traffic_desc?target=www.keihi.com%2F
https://www.aichi-toyota.jp/,52275.0,"$17,312",22399,3166,https://app.ahrefs.com/positions-explorer/top-subfolders/subdomains/all/all/all/all/all/all/all/all/1/traffic_desc?target=www.aichi-toyota.jp%2F
https://digital-shift.jp/,131179.0,"$31,177",65182,5738,https://app.ahrefs.com/positions-explorer/top-subfolders/subdomains/all/all/all/all/all/all/all/all/1/traffic_desc?target=digital-shift.jp%2F
https://viva-drone.com/,90904.0,"$18,152",46662,1221,https://app.ahrefs.com/positions-explorer/top-subfolders/subdomains/all/all/all/all/all/all/all/all/1/traffic_desc?target=viva-drone.com%2F
https://monstar-lab.com/,230758.0,"$187,177",31314,1481,https://app.ahrefs.com/positions-explorer/top-subfolders/subdomains/all/all/all/all/all/all/all/all/1/traffic_desc?target=monstar-lab.com%2F
https://system-kanji.com/,67095.0,"$96,231",31666,4434,https://app.ahrefs.com/positions-explorer/top-subfolders/subdomains/all/all/all/all/all/all/all/all/1/traffic_desc?target=system-kanji.com%2F
https://www.headwaters.co.jp/,11001.0,"$2,742",3194,300,https://app.ahrefs.com/positions-explorer/top-subfolders/subdomains/all/all/all/all/all/all/all/all/1/traffic_desc?target=www.headwaters.co.jp%2F
http://rea-fun.com/,326.0,$1,62,16,https://app.ahrefs.com/positions-explorer/top-subfolders/subdomains/all/all/all/all/all/all/all/all/1/traffic_desc?target=rea-fun.com%2F
https://earthcom-eco.jp/,14705.0,"$14,556",6680,308,https://app.ahrefs.com/positions-explorer/top-subfolders/subdomains/all/all/all/all/all/all/all/all/1/traffic_desc?target=earthcom-eco.jp%2F
https://enetech.co.jp/,21336.0,"$11,505",6868,111,https://app.ahrefs.com/positions-explorer/top-subfolders/subdomains/all/all/all/all/all/all/all/all/1/traffic_desc?target=enetech.co.jp%2F
https://gooddo.jp/,690978.0,"$197,094",116677,2981,https://app.ahrefs.com/positions-explorer/top-subfolders/subdomains/all/all/all/all/all/all/all/all/1/traffic_desc?target=gooddo.jp%2F
https://ethicame.com/,117893.0,"$32,188",19987,449,https://app.ahrefs.com/positions-explorer/top-subfolders/subdomains/all/all/all/all/all/all/all/all/1/traffic_desc?target=ethicame.com%2F
https://www.nittoh-e.co.jp/,73349.0,"$12,640",13805,205,https://app.ahrefs.com/positions-explorer/top-subfolders/subdomains/all/all/all/all/all/all/all/all/1/traffic_desc?target=www.nittoh-e.co.jp%2F
https://www.toyobijutsu-prt.co.jp/,11110.0,"$9,603",5555,372,https://app.ahrefs.com/positions-explorer/top-subfolders/subdomains/all/all/all/all/all/all/all/all/1/traffic_desc?target=www.toyobijutsu-prt.co.jp%2F
https://www.okan-media.jp/,130867.0,"$51,820",55757,612,https://app.ahrefs.com/positions-explorer/top-subfolders/subdomains/all/all/all/all/all/all/all/all/1/traffic_desc?target=www.okan-media.jp%2F
https://mypage.otsuka-shokai.co.jp/,251336.0,"$185,293",85999,2493,https://app.ahrefs.com/positions-explorer/top-subfolders/subdomains/all/all/all/all/all/all/all/all/1/traffic_desc?target=mypage.otsuka-shokai.co.jp%2F
https://wear-i.com/,787.0,$141,567,60,https://app.ahrefs.com/positions-explorer/top-subfolders/subdomains/all/all/all/all/all/all/all/all/1/traffic_desc?target=wear-i.com%2F
https://www.goikyo.net/,115289.0,"$55,762",12262,135,https://app.ahrefs.com/positions-explorer/top-subfolders/subdomains/all/all/all/all/all/all/all/all/1/traffic_desc?target=www.goikyo.net%2F
https://book.paperdriver-navi.com/,35035.0,"$10,172",7459,106,https://app.ahrefs.com/positions-explorer/top-subfolders/subdomains/all/all/all/all/all/all/all/all/1/traffic_desc?target=book.paperdriver-navi.com%2F
https://www.tadsa.or.jp/,8400.0,"$10,200",1626,71,https://app.ahrefs.com/positions-explorer/top-subfolders/subdomains/all/all/all/all/all/all/all/all/1/traffic_desc?target=www.tadsa.or.jp%2F
https://www.anzenkyouiku.jp/,1899.0,$428,728,82,https://app.ahrefs.com/positions-explorer/top-subfolders/subdomains/all/all/all/all/all/all/all/all/1/traffic_desc?target=www.anzenkyouiku.jp%2F
https://www.41ds.com/,5017.0,"$2,757",1104,68,https://app.ahrefs.com/positions-explorer/top-subfolders/subdomains/all/all/all/all/all/all/all/all/1/traffic_desc?target=www.41ds.com%2F
https://www.saisoncard.co.jp/,2265348.0,"$2,055,930",238273,3823,https://app.ahrefs.com/positions-explorer/top-subfolders/subdomains/all/all/all/all/all/all/all/all/1/traffic_desc?target=www.saisoncard.co.jp%2F
https://www.jsnavineo.com/,33426.0,"$15,450",9350,197,https://app.ahrefs.com/positions-explorer/top-subfolders/subdomains/all/all/all/all/all/all/all/all/1/traffic_desc?target=www.jsnavineo.com%2F
https://www.netbk.co.jp/,837757.0,"$765,245",112097,2520,https://app.ahrefs.com/positions-explorer/top-subfolders/subdomains/all/all/all/all/all/all/all/all/1/traffic_desc?target=www.netbk.co.jp%2F
https://www.tehaiplus.com/,23673.0,"$9,033",9067,217,https://app.ahrefs.com/positions-explorer/top-subfolders/subdomains/all/all/all/all/all/all/all/all/1/traffic_desc?target=www.tehaiplus.com%2F
https://region-partner.jp/,200.0,$72,281,32,https://app.ahrefs.com/positions-explorer/top-subfolders/subdomains/all/all/all/all/all/all/all/all/1/traffic_desc?target=region-partner.jp%2F
https://www.n-ssi.co.jp/,7290.0,"$7,434",2907,172,https://app.ahrefs.com/positions-explorer/top-subfolders/subdomains/all/all/all/all/all/all/all/all/1/traffic_desc?target=www.n-ssi.co.jp%2F
https://www.nipponrentacar.co.jp/,1315645.0,"$451,775",90791,1071,https://app.ahrefs.com/positions-explorer/top-subfolders/subdomains/all/all/all/all/all/all/all/all/1/traffic_desc?target=www.nipponrentacar.co.jp%2F
https://rent.toyota.co.jp/,848552.0,"$301,107",103929,4048,https://app.ahrefs.com/positions-explorer/top-subfolders/subdomains/all/all/all/all/all/all/all/all/1/traffic_desc?target=rent.toyota.co.jp%2F
https://car.orix.co.jp/,580182.0,"$204,571",113464,11081,https://app.ahrefs.com/positions-explorer/top-subfolders/subdomains/all/all/all/all/all/all/all/all/1/traffic_desc?target=car.orix.co.jp%2F
https://www.2525r.com/,1152640.0,"$485,517",88147,4425,https://app.ahrefs.com/positions-explorer/top-subfolders/subdomains/all/all/all/all/all/all/all/all/1/traffic_desc?target=www.2525r.com%2F
https://nissan-rentacar.com/,253389.0,"$96,844",47559,1527,https://app.ahrefs.com/positions-explorer/top-subfolders/subdomains/all/all/all/all/all/all/all/all/1/traffic_desc?target=nissan-rentacar.com%2F
https://www.denso-ten.com/,59367.0,"$26,312",24753,4772,https://app.ahrefs.com/positions-explorer/top-subfolders/subdomains/all/all/all/all/all/all/all/all/1/traffic_desc?target=www.denso-ten.com%2F
https://www.rms.co.jp/,36564.0,"$30,897",14008,643,https://app.ahrefs.com/positions-explorer/top-subfolders/subdomains/all/all/all/all/all/all/all/all/1/traffic_desc?target=www.rms.co.jp%2F
https://www.forte-inc.jp/,884.0,$398,410,53,https://app.ahrefs.com/positions-explorer/top-subfolders/subdomains/all/all/all/all/all/all/all/all/1/traffic_desc?target=www.forte-inc.jp%2F
https://www.an-kan.jp/,289.0,$77,669,106,https://app.ahrefs.com/positions-explorer/top-subfolders/subdomains/all/all/all/all/all/all/all/all/1/traffic_desc?target=www.an-kan.jp%2F
https://hikokinomadoguchi.com/,847.0,$706,446,60,https://app.ahrefs.com/positions-explorer/top-subfolders/subdomains/all/all/all/all/all/all/all/all/1/traffic_desc?target=hikokinomadoguchi.com%2F
https://saitama.rl-toyota.co.jp/,19561.0,"$9,716",5456,238,https://app.ahrefs.com/positions-explorer/top-subfolders/subdomains/all/all/all/all/all/all/all/all/1/traffic_desc?target=saitama.rl-toyota.co.jp%2F
https://www.mmc-dia-finance.com/,2653.0,"$3,069",2490,139,https://app.ahrefs.com/positions-explorer/top-subfolders/subdomains/all/all/all/all/all/all/all/all/1/traffic_desc?target=www.mmc-dia-finance.com%2F
https://genext.co.jp/,1812.0,"$1,368",1774,101,https://app.ahrefs.com/positions-explorer/top-subfolders/subdomains/all/all/all/all/all/all/all/all/1/traffic_desc?target=genext.co.jp%2F
https://www.tdk.com/,260720.0,"$138,062",64264,2765,https://app.ahrefs.com/positions-explorer/top-subfolders/subdomains/all/all/all/all/all/all/all/all/1/traffic_desc?target=www.tdk.com%2F
https://support-carlife.com/,12561.0,"$4,707",11222,854,https://app.ahrefs.com/positions-explorer/top-subfolders/subdomains/all/all/all/all/all/all/all/all/1/traffic_desc?target=support-carlife.com%2F
https://auto-ss.jp/,2.0,$1,3,1,https://app.ahrefs.com/positions-explorer/top-subfolders/subdomains/all/all/all/all/all/all/all/all/1/traffic_desc?target=auto-ss.jp%2F
https://www.yaw.co.jp/,2044.0,"$1,271",2762,276,https://app.ahrefs.com/positions-explorer/top-subfolders/subdomains/all/all/all/all/all/all/all/all/1/traffic_desc?target=www.yaw.co.jp%2F
http://kurumanosetuyaku.web.fc2.com/,0.01,$1,8,6,https://app.ahrefs.com/positions-explorer/top-subfolders/subdomains/all/all/all/all/all/all/all/all/1/traffic_desc?target=kurumanosetuyaku.web.fc2.com%2F
https://www.rakurakuseisan.jp/,60621.0,"$36,568",13541,563,https://app.ahrefs.com/positions-explorer/top-subfolders/subdomains/all/all/all/all/all/all/all/all/1/traffic_desc?target=www.rakurakuseisan.jp%2F
https://shell-lubes.co.jp/,4744.0,$671,2808,129,https://app.ahrefs.com/positions-explorer/top-subfolders/subdomains/all/all/all/all/all/all/all/all/1/traffic_desc?target=shell-lubes.co.jp%2F
https://www.goo-net.com/,13375567.0,"$4,270,866",1235688,270297,https://app.ahrefs.com/positions-explorer/top-subfolders/subdomains/all/all/all/all/all/all/all/all/1/traffic_desc?target=www.goo-net.com%2F
https://evdays.tepco.co.jp/,132434.0,"$56,714",23256,178,https://app.ahrefs.com/positions-explorer/top-subfolders/subdomains/all/all/all/all/all/all/all/all/1/traffic_desc?target=evdays.tepco.co.jp%2F
https://www.chibakogyo-bank.co.jp/,50972.0,"$107,363",36200,2035,https://app.ahrefs.com/positions-explorer/top-subfolders/subdomains/all/all/all/all/all/all/all/all/1/traffic_desc?target=www.chibakogyo-bank.co.jp%2F
https://www.projectdesign.jp/,61302.0,"$11,068",78687,8469,https://app.ahrefs.com/positions-explorer/top-subfolders/subdomains/all/all/all/all/all/all/all/all/1/traffic_desc?target=www.projectdesign.jp%2F
https://ev-charge.enechange.jp/,9350.0,"$2,578",1075,78,https://app.ahrefs.com/positions-explorer/top-subfolders/subdomains/all/all/all/all/all/all/all/all/1/traffic_desc?target=ev-charge.enechange.jp%2F
https://www.eneos.co.jp/,579104.0,"$216,299",73753,3332,https://app.ahrefs.com/positions-explorer/top-subfolders/subdomains/all/all/all/all/all/all/all/all/1/traffic_desc?target=www.eneos.co.jp%2F
https://www.aig.co.jp/,72373.0,"$101,309",27910,1027,https://app.ahrefs.com/positions-explorer/top-subfolders/subdomains/all/all/all/all/all/all/all/all/1/traffic_desc?target=www.aig.co.jp%2F
https://scorelife.co.jp/,223.0,$114,614,34,https://app.ahrefs.com/positions-explorer/top-subfolders/subdomains/all/all/all/all/all/all/all/all/1/traffic_desc?target=scorelife.co.jp%2F
https://canon.jp/,681449.0,"$226,811",98465,8259,https://app.ahrefs.com/positions-explorer/top-subfolders/subdomains/all/all/all/all/all/all/all/all/1/traffic_desc?target=canon.jp%2F
https://finance-shikin.com/,13807.0,"$6,672",14983,692,https://app.ahrefs.com/positions-explorer/top-subfolders/subdomains/all/all/all/all/all/all/all/all/1/traffic_desc?target=finance-shikin.com%2F
https://www.prored-p.com/,6047.0,"$2,006",2404,409,https://app.ahrefs.com/positions-explorer/top-subfolders/subdomains/all/all/all/all/all/all/all/all/1/traffic_desc?target=www.prored-p.com%2F
https://carcost-labo.net/,0.08,$1,5,4,https://app.ahrefs.com/positions-explorer/top-subfolders/subdomains/all/all/all/all/all/all/all/all/1/traffic_desc?target=carcost-labo.net%2F
https://smartdrivemagazine.jp/,227.0,$101,473,160,https://app.ahrefs.com/positions-explorer/top-subfolders/subdomains/all/all/all/all/all/all/all/all/1/traffic_desc?target=smartdrivemagazine.jp%2F
https://mobility-transformation.com/,2748.0,$331,3605,319,https://app.ahrefs.com/positions-explorer/top-subfolders/subdomains/all/all/all/all/all/all/all/all/1/traffic_desc?target=mobility-transformation.com%2F
https://lp.smartdrive-fleet.jp/,26.0,$1,49,12,https://app.ahrefs.com/positions-explorer/top-subfolders/subdomains/all/all/all/all/all/all/all/all/1/traffic_desc?target=lp.smartdrive-fleet.jp%2F
https://mobitips.jp/,10.0,$5,38,10,https://app.ahrefs.com/positions-explorer/top-subfolders/subdomains/all/all/all/all/all/all/all/all/1/traffic_desc?target=mobitips.jp%2F
https://www.rikuden.co.jp/,79767.0,"$23,432",33165,3508,https://app.ahrefs.com/positions-explorer/top-subfolders/subdomains/all/all/all/all/all/all/all/all/1/traffic_desc?target=www.rikuden.co.jp%2F
http://www.rikuden-best.co.jp/,100.0,$21,159,15,https://app.ahrefs.com/positions-explorer/top-subfolders/subdomains/all/all/all/all/all/all/all/all/1/traffic_desc?target=www.rikuden-best.co.jp%2F
https://dcross.impress.co.jp/,9161.0,"$2,320",11153,2492,https://app.ahrefs.com/positions-explorer/top-subfolders/subdomains/all/all/all/all/all/all/all/all/1/traffic_desc?target=dcross.impress.co.jp%2F
https://rexev.co.jp/,501.0,$16,559,103,https://app.ahrefs.com/positions-explorer/top-subfolders/subdomains/all/all/all/all/all/all/all/all/1/traffic_desc?target=rexev.co.jp%2F
https://www.amita-oshiete.jp/,22757.0,"$7,968",9967,996,https://app.ahrefs.com/positions-explorer/top-subfolders/subdomains/all/all/all/all/all/all/all/all/1/traffic_desc?target=www.amita-oshiete.jp%2F
https://mag.leaner.jp/,18803.0,"$9,193",4490,127,https://app.ahrefs.com/positions-explorer/top-subfolders/subdomains/all/all/all/all/all/all/all/all/1/traffic_desc?target=mag.leaner.jp%2F
