ÉhÉÅÉCÉì,,
www.smauto.co.jp,,
www.orix.co.jp,,
www.ncsol.co.jp,,
t-mobility-s.co.jp,,
www.mitsubishi-autolease.com,,
www.fuyoauto.co.jp,,
kinto-jp.com,,
www.kimura-unity.co.jp,,
smartdrive.co.jp,,
www.sompo-japan.co.jp,,
www.tokiomarine-nichido.co.jp,,
www.ad-sasaerunavi.com,,
www.ms-ins.com,,
www.ntt.com,,
kurumappli.jp,,
www.cariot.jp,,
bizmall.ntt.com,,
www.car.panasonic.co.jp,,
fleet.navitime.co.jp,,
www.ubiteq.co.jp,,
alc.aiotcloud.co.jp,,
www.rik.jp,,
carmo-kun.jp,,
cybozushiki.cybozu.co.jp,,
www.sociac.jp,,
response.jp,,
www.global-mobility-service.com,,
ypdr.jp,,
motor-fan.jp,,
autoc-one.jp,,
bestcarweb.jp,,
otooku.com,,
usaginetwork.com,,
car-mo.jp,,
kunisawa.net,,
www.kamitake.net,,
kei-model.com,,
www.carlease-online.jp,,
smartdrive-fleet.jp,,
www.jreast-app.jp,,
www.maasjapan.net,,
kintone.cybozu.co.jp,,
car.motor-fan.jp,,
ev2.nissan.co.jp,,
www.cev-pc.or.jp,,
www.zurich.co.jp,,
www.e-comtec.co.jp,,
www.yupiteru.co.jp,,
share.timescar.jp,,
car-days.fun,,
www.orix-carshare.com,,
www.careco.jp,,
dcarshare.docomo.ne.jp,,
www.joyobank.co.jp,,
mobility.toyota.jp,,
www.moto-auc.com,,
anyca.net,,
www.cosmo-mycar.com,,
www.niconori.jp,,
eneos-cl.com,,
morokomi.carcon.co.jp,,
pochi-mo.com,,
2525direct.jp,,
carlease.goo-net.com,,
sdgs.media,,
sdgs.edutown.jp,,
miraimedia.asahi.com,,
sdgs.kodansha.co.jp,,
www.sonysonpo.co.jp,,
www.axa-direct.co.jp,,
www.sbisonpo.co.jp,,
www.mitsui-direct.co.jp,,
www.aioinissaydowa.co.jp,,
mobility-service.pioneer.jp,,
lpfo.tokai-denshi.co.jp,,
www.persol-group.co.jp,,
keiyaku-watch.jp,,
survey.lafool.jp,,
www.riskmng.co.jp,,
www.noc-net.co.jp,,
jinjibu.jp,,
jidounten-lab.com,,
global.toyota,,
answers.khi.co.jp,,
e-words.jp,,
www.kurume-it.ac.jp,,
www.fundex.co.jp,,
www.zenrin-datacom.net,,
blog.kitaro-sdp.com,,
www.insweb.co.jp,,
www.orixcar.jp,,
www.toyota-mobi-tokyo.co.jp,,
www.nextage.jp,,
www.webcartop.jp,,
www.ctn-net.jp,,
renntacar.net,,
www.ekuruma.co.jp,,
enabattery.co.jp,,
www.aigan.co.jp,,
mobilitas.jp,,
www.honda.co.jp,,
www.mitsubishi-hc-capital.com,,
www.smfl.co.jp,,
www.toshiba-lease.co.jp,,
www.leasing.or.jp,,
www.fgl.co.jp,,
hoken-room.jp,,
hoken-kyokasho.com,,
www.ifinance.ne.jp,,
www.jamitsuilease-auto.co.jp,,
www.r-lease.co.jp,,
www.libcon.co.jp,,
www.ines-solutions.com,,
www.jt-tsushin.jp,,
https://dxhakusho.com/,,
https://www.atled.jp/,,
https://bonx.co.jp/,,
https://www.hitachi.co.jp/,,
https://rpa-technologies.com/,,
https://www.kubota.co.jp/,,
https://www.kankyo-kanri.co.jp/,,
https://elaws.e-gov.go.jp/,,
https://www.hrpro.co.jp/,,
https://www.sn-hoki.co.jp/,,
https://www.tiger-inc.co.jp/,,
https://biz.moneyforward.com/,,
https://www.kaunet.com/,,
https://www.oal-net.co.jp/,,
http://www.chuden-al.co.jp/,,
https://www.ichinen.co.jp/,,
https://gurilabo.igrid.co.jp/,,
https://www.bridge-salon.jp/,,
https://sdgs-connect.com/,,
http://www.motown21.com/,,
https://xn--08j1job4l9cb7044c9gc5rng45d3myeuta.com/,,
https://012cloud.jp/,,
https://dr.biprogy.com/,,
https://www.aspicjapan.org/,,
https://www.kouri-sdas.com/,,
https://at-pocket.com/,,
https://boxil.jp/,,
https://lorans.jp/,,
https://www.forklift-depo.jp/,,
https://www.3-s.jp/,,
https://www.fuji-auto-ind.co.jp/,,
https://www.toyota-lf-kinki.co.jp/,,
http://www.toyota-lf.com/,,
http://www.keiyou.net/,,
https://www.liftneeds.net/,,
https://p-c-s.co.jp/,,
https://kcsj.komatsu/,,
https://www.asahifork.com/,,
https://www.keihi.com/,,
https://www.aichi-toyota.jp/,,
https://digital-shift.jp/,,
https://viva-drone.com/,,
https://monstar-lab.com/,,
https://system-kanji.com/,,
https://www.headwaters.co.jp/,,
http://rea-fun.com/,,
https://earthcom-eco.jp/,,
https://enetech.co.jp/,,
https://gooddo.jp/,,
https://ethicame.com/,,
https://www.nittoh-e.co.jp/,,
https://www.toyobijutsu-prt.co.jp/,,
https://www.okan-media.jp/,,
https://mypage.otsuka-shokai.co.jp/,,
https://wear-i.com/,,
https://www.goikyo.net/,,
https://book.paperdriver-navi.com/,,
https://www.tadsa.or.jp/,,
https://www.anzenkyouiku.jp/,,
https://www.41ds.com/,,
https://www.saisoncard.co.jp/,,
https://www.jsnavineo.com/,,
https://www.netbk.co.jp/,,
https://www.tehaiplus.com/,,
https://region-partner.jp/,,
https://www.n-ssi.co.jp/,,
https://www.nipponrentacar.co.jp/,,
https://rent.toyota.co.jp/,,
https://car.orix.co.jp/,,
https://www.2525r.com/,,
https://nissan-rentacar.com/,,
https://www.denso-ten.com/,,
https://www.rms.co.jp/,,
https://www.forte-inc.jp/,,
https://www.an-kan.jp/,,
https://hikokinomadoguchi.com/,,
https://saitama.rl-toyota.co.jp/,,
https://www.mmc-dia-finance.com/,,
https://genext.co.jp/,,
https://www.tdk.com/,,
https://support-carlife.com/,,
https://auto-ss.jp/,,
https://www.yaw.co.jp/,,
http://kurumanosetuyaku.web.fc2.com/,,
https://www.rakurakuseisan.jp/,,
https://shell-lubes.co.jp/,,
https://www.goo-net.com/,,
https://evdays.tepco.co.jp/,,
https://www.chibakogyo-bank.co.jp/,,
https://www.projectdesign.jp/,,
https://ev-charge.enechange.jp/,,
https://www.eneos.co.jp/,,
https://www.aig.co.jp/,,
https://scorelife.co.jp/,,
https://canon.jp/,,
https://finance-shikin.com/,,
https://www.prored-p.com/,,
https://carcost-labo.net/,,
https://smartdrivemagazine.jp/,,
https://mobility-transformation.com/,,
https://lp.smartdrive-fleet.jp/,,
https://mobitips.jp/,,
https://www.rikuden.co.jp/,,
http://www.rikuden-best.co.jp/,,
https://dcross.impress.co.jp/,,
https://rexev.co.jp/,,
https://www.amita-oshiete.jp/,,
https://mag.leaner.jp/,,